2,Pune,2017-04-06
3,Rajkot,2017-04-07
4,Indore,2017-04-08
5,Bangalore,2017-04-08
6,Hyderabad,2017-04-09
7,Mumbai,2017-04-09
8,Indore,2017-04-10
9,Pune,2017-04-11
10,Mumbai,2017-04-12
11,Kolkata,2017-04-13
12,Bangalore,2017-04-14
13,Rajkot,2017-04-14
14,Kolkata,2017-04-15
15,Delhi,2017-04-15
16,Mumbai,2017-04-16
17,Bangalore,2017-04-16
18,Delhi,2017-04-17
19,Hyderabad,2017-04-17
20,Rajkot,2017-04-18
21,Hyderabad,2017-04-19
22,Indore,2017-04-20
23,Kolkata,2017-04-21
24,Mumbai,2017-04-22
25,Pune,2017-04-22
26,Rajkot,2017-04-23
27,Kolkata,2017-04-23
28,Mumbai,2017-04-24
29,Pune,2017-04-26
30,Bangalore,2017-04-27
31,Kolkata,2017-04-28
32,Chandigarh,2017-04-28
33,Pune,2017-04-29
34,Rajkot,2017-04-29
35,Chandigarh,2017-04-30
36,Hyderabad,2017-04-30
37,Mumbai,2017-05-01
38,Pune,2017-05-01
39,Delhi,2017-05-02
40,Kolkata,2017-05-03
41,Delhi,2017-05-04
42,Bangalore,2017-05-05
43,Hyderabad,2017-05-06
44,Delhi,2017-05-06
45,Bangalore,2017-05-07
46,Chandigarh,2017-05-07
47,Hyderabad,2017-05-08
48,Chandigarh,2017-05-09
49,Kanpur,2017-05-10
50,Mumbai,2017-05-11
51,Delhi,2017-05-12
52,Kanpur,2017-05-13
53,Kolkata,2017-05-13
54,Pune,2017-05-14
55,Delhi,2017-05-14
56,Mumbai,2017-05-16
57,Bangalore,2017-05-17
58,Bangalore,2017-05-19
59,Hyderabad,2017-05-21
60,Bangalore,2008-04-18
61,Chandigarh,2008-04-19
62,Delhi,2008-04-19
63,Mumbai,2008-04-20
64,Kolkata,2008-04-20
65,Jaipur,2008-04-21
66,Hyderabad,2008-04-22
67,Chennai,2008-04-23
68,Hyderabad,2008-04-24
69,Chandigarh,2008-04-25
70,Bangalore,2008-04-26
71,Chennai,2008-04-26
72,Mumbai,2008-04-27
73,Chandigarh,2008-04-27
74,Bangalore,2008-04-28
75,Kolkata,2008-04-29
76,Delhi,2008-04-30
77,Hyderabad,2008-05-01
78,Jaipur,2008-05-01
79,Chennai,2008-05-02
80,Hyderabad,2008-05-25
81,Chandigarh,2008-05-03
82,Mumbai,2008-05-04
83,Jaipur,2008-05-04
84,Bangalore,2008-05-05
85,Chennai,2008-05-06
86,Mumbai,2008-05-07
87,Delhi,2008-05-08
88,Kolkata,2008-05-08
89,Jaipur,2008-05-09
90,Bangalore,2008-05-28
91,Chennai,2008-05-10
92,Hyderabad,2008-05-11
93,Jaipur,2008-05-11
94,Chandigarh,2008-05-12
95,Kolkata,2008-05-13
96,Mumbai,2008-05-14
97,Chandigarh,2008-05-28
98,Delhi,2008-05-15
99,Mumbai,2008-05-16
100,Delhi,2008-05-17
101,Jaipur,2008-05-17
102,Hyderabad,2008-05-18
103,Kolkata,2008-05-18
104,Bangalore,2008-05-19
105,Kolkata,2008-05-20
106,Mumbai,2008-05-21
107,Chennai,2008-05-21
108,Chandigarh,2008-05-23
109,Delhi,2008-05-24
110,Chennai,2008-05-24
111,Bangalore,2008-05-03
112,Kolkata,2008-05-25
113,Jaipur,2008-05-26
114,Hyderabad,2008-05-27
115,Mumbai,2008-05-30
116,Mumbai,2008-05-31
117,Mumbai,2008-06-01
118,Cape Town,2009-04-18
119,Cape Town,2009-04-18
120,Cape Town,2009-04-19
121,Cape Town,2009-04-19
122,Port Elizabeth,2009-04-20
123,Durban,2009-04-21
124,Cape Town,2009-04-22
125,Durban,2009-04-23
126,Cape Town,2009-04-23
127,Durban,2009-04-24
128,Durban,2009-04-25
129,Port Elizabeth,2009-04-26
130,Cape Town,2009-04-26
131,Durban,2009-04-27
132,Port Elizabeth,2009-04-27
133,Centurion,2009-04-28
134,Durban,2009-04-29
135,Durban,2009-04-29
136,Centurion,2009-04-30
137,Centurion,2009-04-30
138,East London,2009-05-01
139,Durban,2009-05-01
140,Port Elizabeth,2009-05-02
141,Johannesburg,2009-05-02
142,Port Elizabeth,2009-05-03
143,Johannesburg,2009-05-03
144,East London,2009-05-04
145,Durban,2009-05-05
146,Durban,2009-05-05
147,Centurion,2009-05-06
148,Centurion,2009-05-07
149,Centurion,2009-05-07
150,East London,2009-05-08
151,Kimberley,2009-05-09
152,Kimberley,2009-05-09
153,Port Elizabeth,2009-05-10
154,Johannesburg,2009-05-10
155,Kimberley,2009-05-11
156,Centurion,2009-05-12
157,Centurion,2009-05-12
158,Durban,2009-05-13
159,Durban,2009-05-14
160,Durban,2009-05-14
161,Bloemfontein,2009-05-15
162,Port Elizabeth,2009-05-16
163,Johannesburg,2009-05-16
164,Johannesburg,2009-05-17
165,Bloemfontein,2009-05-17
166,Centurion,2009-05-18
167,Johannesburg,2009-05-19
168,Durban,2009-05-20
169,Durban,2009-05-20
170,Centurion,2009-05-21
171,Centurion,2009-05-21
172,Centurion,2009-05-22
173,Johannesburg,2009-05-23
174,Johannesburg,2009-05-24
175,Mumbai,2010-03-12
176,Mumbai,2010-03-13
177,Chandigarh,2010-03-13
178,Kolkata,2010-03-14
179,Chennai,2010-03-14
180,Ahmedabad,2010-03-15
181,Bangalore,2010-03-16
182,Kolkata,2010-03-16
183,Delhi,2010-03-17
184,Bangalore,2010-03-18
185,Delhi,2010-03-19
186,Cuttack,2010-03-19
187,Ahmedabad,2010-03-20
188,Mumbai,2010-03-20
189,Cuttack,2010-03-21
190,Chennai,2010-03-21
191,Mumbai,2010-03-22
192,Bangalore,2010-03-23
193,Chandigarh,2010-03-24
194,Mumbai,2010-03-25
195,Ahmedabad,2010-03-26
196,Chandigarh,2010-03-27
197,Bangalore,2010-03-25
198,Ahmedabad,2010-03-28
199,Mumbai,2010-03-28
200,Delhi,2010-03-29
201,Mumbai,2010-03-30
202,Chennai,2010-03-31
203,Delhi,2010-03-31
204,Kolkata,2010-04-01
205,Chandigarh,2010-04-02
206,Chennai,2010-04-03
207,Mumbai,2010-04-03
208,Kolkata,2010-04-04
209,Delhi,2010-04-04
210,Nagpur,2010-04-05
211,Chennai,2010-04-06
212,Jaipur,2010-04-07
213,Kolkata,2010-04-07
214,Bangalore,2010-04-08
215,Chandigarh,2010-04-09
216,Nagpur,2010-04-10
217,Bangalore,2010-04-10
218,Delhi,2010-04-11
219,Jaipur,2010-04-11
220,Nagpur,2010-04-12
221,Mumbai,2010-04-13
222,Chennai,2010-04-13
223,Jaipur,2010-04-14
224,Chennai,2010-04-15
225,Dharamsala,2010-04-16
226,Bangalore,2010-04-17
227,Kolkata,2010-04-17
228,Dharamsala,2010-04-18
229,Delhi,2010-04-18
230,Kolkata,2010-04-19
231,Mumbai,2010-04-21
232,Mumbai,2010-04-22
233,Mumbai,2010-04-24
234,Mumbai,2010-04-25
235,Chennai,2011-04-08
236,Hyderabad,2011-04-09
237,Kochi,2011-04-09
238,Delhi,2011-04-10
239,Mumbai,2011-04-10
240,Kolkata,2011-04-11
241,Jaipur,2011-04-12
242,Bangalore,2011-04-12
243,Chandigarh,2011-04-13
244,Mumbai,2011-04-13
245,Hyderabad,2011-04-14
246,Jaipur,2011-04-15
247,Mumbai,2011-04-15
248,Chennai,2011-04-16
249,Hyderabad,2011-04-16
250,Mumbai,2011-04-17
251,Kolkata,2011-04-17
252,Kochi,2011-04-18
253,Delhi,2011-04-19
254,Mumbai,2011-04-20
255,Kolkata,2011-04-20
256,Chandigarh,2011-04-21
257,Mumbai,2011-04-22
258,Kolkata,2011-04-22
259,Delhi,2011-04-23
260,Hyderabad,2011-04-24
261,Jaipur,2011-04-24
262,Chennai,2011-04-25
263,Delhi,2011-04-26
264,Mumbai,2011-04-27
265,Kochi,2011-04-27
266,Delhi,2011-04-28
267,Jaipur,2011-04-29
268,Bangalore,2011-04-29
269,Kochi,2011-04-30
270,Kolkata,2011-04-30
271,Jaipur,2011-05-01
272,Chennai,2011-05-01
273,Mumbai,2011-05-02
274,Delhi,2011-05-02
275,Hyderabad,2011-05-03
276,Chennai,2011-05-04
277,Mumbai,2011-05-04
278,Kochi,2011-05-05
279,Hyderabad,2011-05-05
280,Bangalore,2011-05-06
281,Kolkata,2011-05-07
282,Mumbai,2011-05-07
283,Bangalore,2011-05-08
284,Chandigarh,2011-05-08
285,Jaipur,2011-05-09
286,Hyderabad,2011-05-10
287,Chandigarh,2011-05-10
288,Jaipur,2011-05-11
289,Chennai,2011-05-12
290,Indore,2011-05-13
291,Bangalore,2011-05-14
292,Mumbai,2011-05-14
293,Dharamsala,2011-05-15
294,Indore,2011-05-15
295,Mumbai,2011-05-16
296,Dharamsala,2011-05-17
297,Chennai,2011-05-18
298,Mumbai,2011-05-19
299,Mumbai,2011-05-20
300,Dharamsala,2011-05-21
301,Delhi,2011-05-21
302,Bangalore,2011-05-22
303,Kolkata,2011-05-22
304,Mumbai,2011-05-24
305,Mumbai,2011-05-25
306,Chennai,2011-05-27
307,Chennai,2011-05-28
308,Chennai,2012-04-04
309,Kolkata,2012-04-05
310,Mumbai,2012-04-06
311,Jaipur,2012-04-06
312,Bangalore,2012-04-07
313,Visakhapatnam,2012-04-07
314,Jaipur,2012-04-08
315,Pune,2012-04-08
316,Visakhapatnam,2012-04-09
317,Bangalore,2012-04-10
318,Delhi,2012-04-10
319,Mumbai,2012-04-11
320,Chennai,2012-04-12
321,Chandigarh,2012-04-12
322,Kolkata,2012-04-13
323,Delhi,2012-04-19
324,Pune,2012-04-14
325,Kolkata,2012-04-15
326,Bangalore,2012-04-15
327,Mumbai,2012-04-16
328,Jaipur,2012-04-17
329,Bangalore,2012-04-17
330,Chandigarh,2012-04-18
331,Hyderabad,2012-05-10
332,Chennai,2012-04-19
333,Chandigarh,2012-04-20
334,Chennai,2012-04-21
335,Delhi,2012-04-21
336,Mumbai,2012-04-22
337,Cuttack,2012-04-22
338,Jaipur,2012-04-23
339,Pune,2012-04-24
340,Chandigarh,2012-04-25
341,Pune,2012-04-26
342,Delhi,2012-04-27
343,Chennai,2012-04-28
344,Kolkata,2012-04-28
345,Delhi,2012-04-29
346,Mumbai,2012-04-29
347,Chennai,2012-04-30
348,Cuttack,2012-05-01
349,Jaipur,2012-05-01
350,Bangalore,2012-05-02
351,Pune,2012-05-03
352,Chennai,2012-05-04
353,Kolkata,2012-05-05
354,Chandigarh,2012-05-05
355,Mumbai,2012-05-06
356,Bangalore,2012-05-06
357,Delhi,2012-05-07
358,Pune,2012-05-08
359,Hyderabad,2012-05-08
360,Mumbai,2012-05-09
361,Jaipur,2012-05-10
362,Pune,2012-05-11
363,Kolkata,2012-05-12
364,Chennai,2012-05-12
365,Jaipur,2012-05-13
366,Chandigarh,2012-05-13
367,Bangalore,2012-05-14
368,Kolkata,2012-05-14
369,Delhi,2012-05-15
370,Mumbai,2012-05-16
371,Dharamsala,2012-05-17
372,Delhi,2012-05-17
373,Hyderabad,2012-05-18
374,Dharamsala,2012-05-19
375,Pune,2012-05-19
376,Hyderabad,2012-05-20
377,Jaipur,2012-05-20
378,Pune,2012-05-22
379,Bangalore,2012-05-23
380,Chennai,2012-05-25
381,Chennai,2012-05-27
382,Kolkata,2013-04-03
383,Bangalore,2013-04-04
384,Hyderabad,2013-04-05
385,Delhi,2013-04-06
386,Chennai,2013-04-06
387,Pune,2013-04-07
388,Hyderabad,2013-04-07
389,Jaipur,2013-04-08
390,Mumbai,2013-04-09
391,Chandigarh,2013-04-10
392,Bangalore,2013-04-11
393,Pune,2013-04-11
394,Delhi,2013-04-12
395,Mumbai,2013-04-13
396,Chennai,2013-04-13
397,Kolkata,2013-04-14
398,Jaipur,2013-04-14
399,Chennai,2013-04-15
400,Chandigarh,2013-04-16
401,Bangalore,2013-04-16
402,Pune,2013-04-17
403,Jaipur,2013-04-17
404,Delhi,2013-04-18
405,Hyderabad,2013-04-19
406,Kolkata,2013-04-20
407,Bangalore,2013-04-20
408,Delhi,2013-04-21
409,Chandigarh,2013-04-21
410,Chennai,2013-04-22
411,Bangalore,2013-04-23
412,Dharamsala,2013-05-16
413,Kolkata,2013-04-24
414,Chennai,2013-04-25
415,Kolkata,2013-04-26
416,Jaipur,2013-04-27
417,Mumbai,2013-04-27
418,Chennai,2013-04-28
419,Raipur,2013-04-28
420,Jaipur,2013-04-29
421,Mumbai,2013-04-29
422,Pune,2013-04-30
423,Hyderabad,2013-05-01
424,Raipur,2013-05-01
425,Chennai,2013-05-02
426,Pune,2013-05-02
427,Kolkata,2013-05-03
428,Hyderabad,2013-05-04
429,Bangalore,2013-05-14
430,Mumbai,2013-05-05
431,Jaipur,2013-05-05
432,Bangalore,2013-04-09
433,Jaipur,2013-05-07
434,Mumbai,2013-05-07
435,Hyderabad,2013-05-08
436,Chandigarh,2013-05-09
437,Pune,2013-05-09
438,Delhi,2013-05-10
439,Pune,2013-05-11
440,Chandigarh,2013-05-11
441,Ranchi,2013-05-12
442,Jaipur,2013-05-12
443,Delhi,2013-04-23
444,Mumbai,2013-05-13
445,Ranchi,2013-05-15
446,Chennai,2013-05-14
447,Mumbai,2013-05-15
448,Chandigarh,2013-05-06
449,Hyderabad,2013-05-17
450,Dharamsala,2013-05-18
451,Pune,2013-05-19
452,Bangalore,2013-05-18
453,Hyderabad,2013-05-19
454,Delhi,2013-05-21
455,Delhi,2013-05-22
456,Kolkata,2013-05-24
457,Kolkata,2013-05-26
458,Abu Dhabi,2014-04-16
459,Sharjah,2014-04-17
460,Abu Dhabi,2014-04-18
461,Abu Dhabi,2014-04-18
462,,2014-04-19
463,,2014-04-19
464,Sharjah,2014-04-20
465,Abu Dhabi,2014-04-21
466,Sharjah,2014-04-22
467,,2014-04-23
468,Sharjah,2014-04-24
469,,2014-04-25
470,,2014-04-25
471,Abu Dhabi,2014-04-26
472,Abu Dhabi,2014-04-26
473,Sharjah,2014-04-27
474,Sharjah,2014-04-27
475,,2014-04-28
476,Abu Dhabi,2014-04-29
477,,2014-04-30
478,Ranchi,2014-05-02
479,Mumbai,2014-05-03
480,Delhi,2014-05-03
481,Bangalore,2014-05-04
482,Ahmedabad,2014-05-05
483,Delhi,2014-05-05
484,Mumbai,2014-05-06
485,Delhi,2014-05-07
486,Cuttack,2014-05-07
487,Ahmedabad,2014-05-08
488,Bangalore,2014-05-09
489,Delhi,2014-05-10
490,Mumbai,2014-05-10
491,Cuttack,2014-05-11
492,Bangalore,2014-05-11
493,Hyderabad,2014-05-12
494,Ranchi,2014-05-13
495,Bangalore,2014-05-13
496,Hyderabad,2014-05-14
497,Cuttack,2014-05-14
498,Ahmedabad,2014-05-15
499,Ranchi,2014-05-18
500,Hyderabad,2014-05-18
501,Ahmedabad,2014-05-19
502,Delhi,2014-05-19
503,Hyderabad,2014-05-20
504,Kolkata,2014-05-20
505,Chandigarh,2014-05-21
506,Kolkata,2014-05-22
507,Ranchi,2014-05-22
508,Mumbai,2014-05-23
509,Chandigarh,2014-05-23
510,Bangalore,2014-05-24
511,Kolkata,2014-05-24
512,Chandigarh,2014-05-25
513,Mumbai,2014-05-25
514,Kolkata,2014-05-27
515,Mumbai,2014-05-28
516,Mumbai,2014-05-30
517,Bangalore,2014-06-01
518,Kolkata,2015-04-08
519,Chennai,2015-04-09
520,Pune,2015-04-10
521,Chennai,2015-04-11
522,Kolkata,2015-04-11
523,Delhi,2015-04-12
524,Mumbai,2015-04-12
525,Bangalore,2015-04-13
526,Ahmedabad,2015-04-14
527,Kolkata,2015-04-30
528,Pune,2015-04-15
529,Visakhapatnam,2015-04-16
530,Mumbai,2015-04-17
531,Visakhapatnam,2015-04-18
532,Pune,2015-04-18
533,Ahmedabad,2015-04-19
534,Bangalore,2015-04-19
535,Delhi,2015-04-20
536,Ahmedabad,2015-04-21
537,Visakhapatnam,2015-04-22
538,Bangalore,2015-04-22
539,Delhi,2015-04-23
540,Ahmedabad,2015-04-24
541,Mumbai,2015-04-25
542,Chennai,2015-04-25
543,Delhi,2015-04-26
544,Chandigarh,2015-04-27
545,Kolkata,2015-05-07
546,Bangalore,2015-04-29
547,Chennai,2015-04-28
548,Delhi,2015-05-01
549,Mumbai,2015-05-01
550,Bangalore,2015-05-02
551,Hyderabad,2015-05-02
552,Chandigarh,2015-05-03
553,Mumbai,2015-05-03
554,Chennai,2015-05-04
555,Kolkata,2015-05-04
556,Mumbai,2015-05-05
557,Bangalore,2015-05-06
558,Mumbai,2015-05-07
559,Chennai,2015-05-08
560,Kolkata,2015-05-09
561,Raipur,2015-05-09
562,Mumbai,2015-05-10
563,Chennai,2015-05-10
564,Hyderabad,2015-05-11
565,Raipur,2015-05-12
566,Chandigarh,2015-05-13
567,Mumbai,2015-05-14
568,Hyderabad,2015-05-15
569,Chandigarh,2015-05-16
570,Mumbai,2015-05-16
571,Bangalore,2015-05-17
572,Hyderabad,2015-05-17
573,Mumbai,2015-05-19
574,Pune,2015-05-20
575,Ranchi,2015-05-22
576,Kolkata,2015-05-24
577,Mumbai,2016-04-09
578,Kolkata,2016-04-10
579,Chandigarh,2016-04-11
580,Bangalore,2016-04-12
581,Kolkata,2016-04-13
582,Rajkot,2016-04-14
583,Delhi,2016-04-15
584,Hyderabad,2016-04-16
585,Mumbai,2016-04-16
586,Chandigarh,2016-04-17
587,Bangalore,2016-04-17
588,Hyderabad,2016-04-18
589,Chandigarh,2016-04-19
590,Mumbai,2016-04-20
591,Rajkot,2016-04-21
592,Pune,2016-04-22
593,Delhi,2016-04-23
594,Hyderabad,2016-04-23
595,Rajkot,2016-04-24
596,Pune,2016-04-24
597,Chandigarh,2016-04-25
598,Hyderabad,2016-04-26
599,Delhi,2016-04-27
600,Mumbai,2016-04-28
601,Pune,2016-04-29
602,Delhi,2016-04-30
603,Hyderabad,2016-04-30
604,Rajkot,2016-05-01
605,Pune,2016-05-01
606,Bangalore,2016-05-02
607,Rajkot,2016-05-03
608,Kolkata,2016-05-04
609,Delhi,2016-05-05
610,Hyderabad,2016-05-06
611,Bangalore,2016-05-07
612,Chandigarh,2016-05-07
613,Visakhapatnam,2016-05-08
614,Kolkata,2016-05-08
615,Chandigarh,2016-05-09
616,Visakhapatnam,2016-05-10
617,Bangalore,2016-05-11
618,Hyderabad,2016-05-12
619,Visakhapatnam,2016-05-13
620,Bangalore,2016-05-14
621,Kolkata,2016-05-14
622,Chandigarh,2016-05-15
623,Visakhapatnam,2016-05-15
624,Kolkata,2016-05-16
625,Visakhapatnam,2016-05-17
626,Bangalore,2016-05-18
627,Kanpur,2016-05-19
628,Raipur,2016-05-20
629,Visakhapatnam,2016-05-21
630,Kanpur,2016-05-21
631,Kolkata,2016-05-22
632,Raipur,2016-05-22
633,Bangalore,2016-05-24
634,Delhi,2016-05-25
635,Delhi,2016-05-27
636,Bangalore,2016-05-29
7894,Mumbai,2018-04-07,Anil Chaudhary
7895,Mohali,2018-04-08,Nitin Menon
7896,Kolkata,2018-04-08,S Ravi
7897,Hyderabad,2018-04-09,O Nandan
7898,Chennai,2018-04-10,A Nanda Kishore
7899,Jaipur,2018-04-11,Nitin Menon
7900,Hyderabad,2018-04-12,Vineet Kulkarni
7901,Bengaluru,2018-04-13,C Shamshuddin
7902,Mumbai,2018-04-14,Rod Tucker
7903,Kolkata,2018-04-14,Chris Gaffaney
7904,Bengaluru,2018-04-15,A.D Deshmukh
7905,Mohali,2018-04-15,Nigel Llong
7906,Kolkata,2018-04-16,Chris Gaffaney
7907,Mumbai,2018-04-17,K Ananthapadmanabhan
7908,Jaipur,2018-04-18,C Shamshuddin
7909,Mohali,2018-04-19,Vineet Kulkarni
7910,Pune,2018-04-20,Rod Tucker
7911,Kolkata,2018-04-21,S Ravi
7912,Bengaluru,2018-04-21,A Nanda Kishore
7913,Hyderabad,2018-04-22,Nigel Llong
7914,Jaipur,2018-04-22,Nitin Menon
7915,Delhi,2018-04-23,Chris Gaffaney
7916,Mumbai,2018-04-24,A.D Deshmukh
7917,Bengaluru,2018-04-25,Anil Chaudhary
7918,Hyderabad,2018-04-26,Rod Tucker
7919,Delhi,2018-04-27,A Nanda Kishore
7920,Pune,2018-04-28,Anil Dandekar
7921,Jaipur,2018-04-29,S Ravi
7922,Bengaluru,2018-04-29,Virender Kumar Sharma
7923,Pune,2018-04-30,O Nandan
7924,Bengaluru,2018-05-01,Yeshwant Barde
7925,Delhi,2018-05-02,Bruce Oxenford
7926,Kolkata,2018-05-03,Anil Chaudhary
7927,Indore,2018-05-04,C Shamshuddin
7928,Pune,2018-05-05,Marais Erasmus
7929,Hyderabad,2018-05-05,Virender Kumar Sharma
7930,Mumbai,2018-05-06,Anil Chaudhary
7931,Indore,2018-05-06,Anil Dandekar
7932,Hyderabad,2018-05-07,O Nandan
7933,Jaipur,2018-05-08,Yeshwant Barde
7934,Kolkata,2018-05-09,Kumar Dharmasena
7935,Delhi,2018-05-10,S Ravi
7936,Jaipur,2018-05-11,Nitin Menon
7937,Indore,2018-05-12,Bruce Oxenford
7938,Delhi,2018-05-12,K Ananthapadmanabhan
7939,Pune,2018-05-13,Anil Dandekar
7940,Mumbai,2018-05-13,C Shamshuddin
7941,Indore,2018-05-14,O Nandan
7942,Kolkata,2018-05-15,Vineet Kulkarni
7943,Mumbai,2018-05-16,Yeshwant Barde
7944,Bengaluru,2018-05-17,C Shamshuddin
7945,Delhi,2018-05-18,O Nandan
7946,Jaipur,2018-05-19,C Shamshuddin
7947,Hyderabad,2018-05-19,Anil Dandekar
7948,Delhi,2018-05-20,Vineet Kulkarni
7949,Pune,2018-05-20,Marais Erasmus
7950,Mumbai,2018-05-22,S Ravi
7951,Kolkata,2018-05-23,Kumar Dharmasena
7952,Kolkata,2018-05-25,Anil Chaudhary
7953,Mumbai,2018-05-27,Nitin Menon
11137,Chennai,2019-03-23,Nitin Menon
11138,Kolkata,2019-03-24,Vineet Kulkarni
11139,Mumbai,2019-03-24,O Nandan
11140,Jaipur,2019-03-25,Bruce Oxenford
11141,Delhi,2019-03-26,Anil Dandekar
11142,Kolkata,2019-03-27,Chris Gaffaney
11143,Bengaluru,2019-03-28,Yeshwant Barde
11144,Hyderabad,2019-03-29,KN Anantapadmanabhan
11145,Mohali,2019-03-30,Anil Chaudhary
11146,Delhi,2019-03-30,Marais Erasmus
11147,Hyderabad,2019-03-31,C Shamshuddin
11148,Chennai,2019-03-31,Bruce Oxenford
11149,Mohali,2019-04-01,Vineet Kulkarni
11150,Jaipur,2019-04-02,Nitin Menon
11151,Mumbai,2019-04-03,Yeshwant Barde
11152,Delhi,2019-04-04,S Ravi
11153,Bengaluru,2019-04-05,O Nandan
11309,Chennai,2019-04-06,C Shamshuddin
11310,Hyderabad,2019-04-06,Marais Erasmus
11311,Bengaluru,2019-04-07,O Nandan
11312,Jaipur,2019-04-07,Bruce Oxenford
11313,Mohali,2019-04-08,Nitin Menon
11314,Chennai,2019-04-09,Ulhas Gandhe
11315,Mumbai,2019-04-10,O Nandan
11316,Jaipur,2019-04-11,Chris Gaffaney
11317,Kolkata,2019-04-12,Rod Tucker
11318,Mumbai,2019-04-13,Marais Erasmus
11319,Mohali,2019-04-13,Nigel Llong
11320,Kolkata,2019-04-14,Yeshwant Barde
11321,Hyderabad,2019-04-14,Chris Gaffaney
11322,Mumbai,2019-04-15,Nanda Kishore
11323,Mohali,2019-04-16,S Ravi
11324,Hyderabad,2019-04-17,C Shamshuddin
11325,Delhi,2019-04-18,Anil Chaudhary
11326,Kolkata,2019-04-19,Anil Dandekar
11327,Jaipur,2019-04-20,O Nandan
11328,Delhi,2019-04-20,Bruce Oxenford
11329,Hyderabad,2019-04-21,Ian Gould
11330,Bengaluru,2019-04-21,Anil Chaudhary
11331,Jaipur,2019-04-22,Yeshwant Barde
11332,Chennai,2019-04-23,Vineet Kulkarni
11333,Bengaluru,2019-04-24,Rod Tucker
11334,Kolkata,2019-04-25,Nitin Menon
11335,Chennai,2019-04-26,Vineet Kulkarni
11336,Jaipur,2019-04-27,Sundaram Ravi
11337,Delhi,2019-04-28,C Shamshuddin
11338,Kolkata,2019-04-28,Anil Dandekar
11339,Hyderabad,2019-04-29,Nanda Kishore
11340,Bengaluru,2019-04-30,Anil Chaudhary
11341,Chennai,2019-05-01,Ian Gould
11342,Mumbai,2019-05-02,Nanda Kishore
11343,Mohali,2019-05-03,KN Ananthapadmanabhan
11344,Delhi,2019-05-04,Nitin Menon
11345,Bengaluru,2019-05-04,Ulhas Gandhe
11346,Mohali,2019-05-05,Bruce Oxenford
11347,Mumbai,2019-05-05,S Ravi
11412,Chennai,2019-05-07,Ian Gould
11413,Visakhapatnam,2019-05-08
11414,Visakhapatnam,2019-05-10,Chettithody Shamshuddin
11415,Hyderabad,2019-05-12,Nigel Llong
